{
  "version": "1",
  "cognitoConfig": {
    "identityPoolName": "blogwebsite_identitypool_5e12e237",
    "allowUnauthenticatedIdentities": true,
    "resourceNameTruncated": "blogwe5e12e237",
    "userPoolName": "blogwebsite_userpool_5e12e237",
    "autoVerifiedAttributes": [
      "email"
    ],
    "mfaConfiguration": "OFF",
    "mfaTypes": [
      "SMS Text Message"
    ],
    "smsAuthenticationMessage": "Your authentication code is {####}",
    "smsVerificationMessage": "Your verification code is {####}",
    "emailVerificationSubject": "Your verification code",
    "emailVerificationMessage": "Your verification code is {####}",
    "defaultPasswordPolicy": false,
    "passwordPolicyMinLength": 8,
    "passwordPolicyCharacters": [],
    "requiredAttributes": [
      "email"
    ],
    "aliasAttributes": [],
    "userpoolClientGenerateSecret": false,
    "userpoolClientRefreshTokenValidity": 30,
    "userpoolClientWriteAttributes": [
      "email"
    ],
    "userpoolClientReadAttributes": [
      "email"
    ],
    "userpoolClientLambdaRole": "blogwe5e12e237_userpoolclient_lambda_role",
    "userpoolClientSetAttributes": false,
    "authSelections": "identityPoolAndUserPool",
    "resourceName": "blogwebsite",
    "sharedId": "5e12e237",
    "serviceName": "Cognito",
    "useDefault": "manual"
  }
} 